Workbook

Sheet Instructions
A1: The NHI RFP Evaluation Matrix
A2: A working spreadsheet companion to the NHI RFP Framework guide
A3: nonhumanidentitysoftware.com/guides/nhi-rfp-framework/
A6: How to use this workbook
A7: 1. RFP Matrix | B7: The 12-requirement evaluation matrix, organized into four categories. Each requirement is tagged Minimum (table stakes) or Advanced (the actual differentiators). For each vendor you're evaluating, record a response in the dropdown column, add notes, and a numeric score is calculated automatically.
A8: 2. Scorecard | B8: Automatically rolls up the Matrix into a per-vendor summary: how many Minimum requirements each vendor clears, an Advanced-requirement score by category, and an overall 0-100 score. Rename Vendor A / B / C at the top of the Scorecard sheet.
A9: 3. Screening Questions | B9: The five live-demo questions from the guide, each tied to a specific Advanced requirement. Use these in vendor technical sessions rather than written RFP responses - a written 'yes' costs a vendor nothing.
A11: Scoring legend (RFP Matrix response column)
A12: Native & Automated | B12: 3 points - the platform does this natively, without manual steps or a partner integration.
A13: Partial / Manual | B13: 2 points - the capability exists but requires manual work, a partner product, or significant configuration.
A14: Roadmap Only | B14: 1 point - not currently shipped; vendor describes this as planned.
A15: Not Met | B15: 0 points - no capability and no committed roadmap.
A16: N/A | B16: Not scored - excluded from totals. Use when a requirement genuinely doesn't apply.
A18: How the Scorecard weighting works
A19: Minimum gate | B19: A vendor should clear all 4 Minimum requirements (score of at least 1, i.e. not 'Not Met') before Advanced differentiators matter much. The Scorecard flags any vendor that doesn't.
A20: Advanced score | B20: Each of the 8 Advanced requirements is worth up to 3 points, for a possible 24 points total, broken out by the same four categories as the Matrix.
A21: Overall score (0-100) | B21: 40% weight on Minimum-requirement completeness, 60% weight on the Advanced score. A vendor that clears every Minimum requirement but scores zero on Advanced differentiators lands at 40/100 - a usable floor, not a ceiling.
A23: Source | B23: Adapted from 'The NHI RFP Framework: A Requirements Matrix and Five Screening Questions', an independent guide published by Non-Human Identity Software (Machines & Words). No vendor relationships, no sponsored content.

Sheet RFP Matrix
A1: ID | B1: Category | C1: Requirement | D1: Description | E1: Level | F1: Vendor A - Response | G1: Vendor A - Score | H1: Vendor A - Notes | I1: Vendor B - Response | J1: Vendor B - Score | K1: Vendor B - Notes | L1: Vendor C - Response | M1: Vendor C - Score | N1: Vendor C - Notes
A2: 1.1 | B2: Discovery & Inventory | C2: Vault Bypass Mapping | D2: Discovers active service accounts, tokens, and API keys that exist entirely outside centralized secrets managers. | E2: Minimum | G2: =_xlfn.IFS(F2="Native & Automated",3,F2="Partial / Manual",2,F2="Roadmap Only",1,F2="Not Met",0,TRUE(),"") | J2: =_xlfn.IFS(I2="Native & Automated",3,I2="Partial / Manual",2,I2="Roadmap Only",1,I2="Not Met",0,TRUE(),"") | M2: =_xlfn.IFS(L2="Native & Automated",3,L2="Partial / Manual",2,L2="Roadmap Only",1,L2="Not Met",0,TRUE(),"")
A3: 1.2 | B3: Discovery & Inventory | C3: Cross-SaaS Interconnectivity | D3: Maps SaaS-to-SaaS machine connections - OAuth marketplace apps, webhook integrations - natively via API, without an inline network proxy. See Question 3. | E3: Advanced | G3: =_xlfn.IFS(F3="Native & Automated",3,F3="Partial / Manual",2,F3="Roadmap Only",1,F3="Not Met",0,TRUE(),"") | J3: =_xlfn.IFS(I3="Native & Automated",3,I3="Partial / Manual",2,I3="Roadmap Only",1,I3="Not Met",0,TRUE(),"") | M3: =_xlfn.IFS(L3="Native & Automated",3,L3="Partial / Manual",2,L3="Roadmap Only",1,L3="Not Met",0,TRUE(),"")
A4: 1.3 | B4: Discovery & Inventory | C4: Ephemeral Pipeline Inventory | D4: Tracks short-lived, containerized, or runtime-generated secrets from creation through expiration. | E4: Advanced | G4: =_xlfn.IFS(F4="Native & Automated",3,F4="Partial / Manual",2,F4="Roadmap Only",1,F4="Not Met",0,TRUE(),"") | J4: =_xlfn.IFS(I4="Native & Automated",3,I4="Partial / Manual",2,I4="Roadmap Only",1,I4="Not Met",0,TRUE(),"") | M4: =_xlfn.IFS(L4="Native & Automated",3,L4="Partial / Manual",2,L4="Roadmap Only",1,L4="Not Met",0,TRUE(),"")
A5: 2.1 | B5: Attribution & Ownership | C5: Static Directory Matching | D5: Matches resource tags and service account metadata against entries in human identity directories such as Okta or Microsoft Entra ID. | E5: Minimum | G5: =_xlfn.IFS(F5="Native & Automated",3,F5="Partial / Manual",2,F5="Roadmap Only",1,F5="Not Met",0,TRUE(),"") | J5: =_xlfn.IFS(I5="Native & Automated",3,I5="Partial / Manual",2,I5="Roadmap Only",1,I5="Not Met",0,TRUE(),"") | M5: =_xlfn.IFS(L5="Native & Automated",3,L5="Partial / Manual",2,L5="Roadmap Only",1,L5="Not Met",0,TRUE(),"")
A6: 2.2 | B6: Attribution & Ownership | C6: Heuristic Owner Deduction | D6: For orphaned credentials with no usable tags, parses Git history, IaC configs, and deploy metadata to infer the team that maintains the calling code. See Question 2. | E6: Advanced | G6: =_xlfn.IFS(F6="Native & Automated",3,F6="Partial / Manual",2,F6="Roadmap Only",1,F6="Not Met",0,TRUE(),"") | J6: =_xlfn.IFS(I6="Native & Automated",3,I6="Partial / Manual",2,I6="Roadmap Only",1,I6="Not Met",0,TRUE(),"") | M6: =_xlfn.IFS(L6="Native & Automated",3,L6="Partial / Manual",2,L6="Roadmap Only",1,L6="Not Met",0,TRUE(),"")
A7: 2.3 | B7: Attribution & Ownership | C7: Safe-Fail Staging | D7: Provides a passive monitoring window (30-90 days) that proves a stale credential is idle before anyone revokes it. See Question 4. | E7: Advanced | G7: =_xlfn.IFS(F7="Native & Automated",3,F7="Partial / Manual",2,F7="Roadmap Only",1,F7="Not Met",0,TRUE(),"") | J7: =_xlfn.IFS(I7="Native & Automated",3,I7="Partial / Manual",2,I7="Roadmap Only",1,I7="Not Met",0,TRUE(),"") | M7: =_xlfn.IFS(L7="Native & Automated",3,L7="Partial / Manual",2,L7="Roadmap Only",1,L7="Not Met",0,TRUE(),"")
A8: 3.1 | B8: Agentic AI Governance | C8: Static AI Secret Auditing | D8: Finds foundation-model API keys (Anthropic, OpenAI, etc.) hardcoded in environment variables or repositories. | E8: Minimum | G8: =_xlfn.IFS(F8="Native & Automated",3,F8="Partial / Manual",2,F8="Roadmap Only",1,F8="Not Met",0,TRUE(),"") | J8: =_xlfn.IFS(I8="Native & Automated",3,I8="Partial / Manual",2,I8="Roadmap Only",1,I8="Not Met",0,TRUE(),"") | M8: =_xlfn.IFS(L8="Native & Automated",3,L8="Partial / Manual",2,L8="Roadmap Only",1,L8="Not Met",0,TRUE(),"")
A9: 3.2 | B9: Agentic AI Governance | C9: Dynamic Multi-Hop Lineage | D9: Traces the inheritance chain of ephemeral sub-tokens an AI orchestrator (LangChain, Copilot Studio, custom agents) spawns mid-task. See Question 5. | E9: Advanced | G9: =_xlfn.IFS(F9="Native & Automated",3,F9="Partial / Manual",2,F9="Roadmap Only",1,F9="Not Met",0,TRUE(),"") | J9: =_xlfn.IFS(I9="Native & Automated",3,I9="Partial / Manual",2,I9="Roadmap Only",1,I9="Not Met",0,TRUE(),"") | M9: =_xlfn.IFS(L9="Native & Automated",3,L9="Partial / Manual",2,L9="Roadmap Only",1,L9="Not Met",0,TRUE(),"")
A10: 3.3 | B10: Agentic AI Governance | C10: Least-Agency Enforcement | D10: Validates downstream MCP node trust and constrains agent boundaries against OWASP ASI03 (Identity and Privilege Abuse). See Question 5. | E10: Advanced | G10: =_xlfn.IFS(F10="Native & Automated",3,F10="Partial / Manual",2,F10="Roadmap Only",1,F10="Not Met",0,TRUE(),"") | J10: =_xlfn.IFS(I10="Native & Automated",3,I10="Partial / Manual",2,I10="Roadmap Only",1,I10="Not Met",0,TRUE(),"") | M10: =_xlfn.IFS(L10="Native & Automated",3,L10="Partial / Manual",2,L10="Roadmap Only",1,L10="Not Met",0,TRUE(),"")
A11: 4.1 | B11: Runtime Posture (NHIDR) | C11: Entitlement Right-Sizing | D11: Compares assigned permissions against actual historical usage to flag over-privileged accounts and propose minimized policies. | E11: Minimum | G11: =_xlfn.IFS(F11="Native & Automated",3,F11="Partial / Manual",2,F11="Roadmap Only",1,F11="Not Met",0,TRUE(),"") | J11: =_xlfn.IFS(I11="Native & Automated",3,I11="Partial / Manual",2,I11="Roadmap Only",1,I11="Not Met",0,TRUE(),"") | M11: =_xlfn.IFS(L11="Native & Automated",3,L11="Partial / Manual",2,L11="Roadmap Only",1,L11="Not Met",0,TRUE(),"")
A12: 4.2 | B12: Runtime Posture (NHIDR) | C12: Continuous Behavior Baselines | D12: Analyzes network and infrastructure telemetry to flag runtime credential misuse after a token leaves the vault. See Question 1. | E12: Advanced | G12: =_xlfn.IFS(F12="Native & Automated",3,F12="Partial / Manual",2,F12="Roadmap Only",1,F12="Not Met",0,TRUE(),"") | J12: =_xlfn.IFS(I12="Native & Automated",3,I12="Partial / Manual",2,I12="Roadmap Only",1,I12="Not Met",0,TRUE(),"") | M12: =_xlfn.IFS(L12="Native & Automated",3,L12="Partial / Manual",2,L12="Roadmap Only",1,L12="Not Met",0,TRUE(),"")
A13: 4.3 | B13: Runtime Posture (NHIDR) | C13: Asynchronous Log Reconciliation | D13: Reconstructs unified identity lineage graphs across multi-cloud environments even when logs arrive late or out of order. | E13: Advanced | G13: =_xlfn.IFS(F13="Native & Automated",3,F13="Partial / Manual",2,F13="Roadmap Only",1,F13="Not Met",0,TRUE(),"") | J13: =_xlfn.IFS(I13="Native & Automated",3,I13="Partial / Manual",2,I13="Roadmap Only",1,I13="Not Met",0,TRUE(),"") | M13: =_xlfn.IFS(L13="Native & Automated",3,L13="Partial / Manual",2,L13="Roadmap Only",1,L13="Not Met",0,TRUE(),"")

Sheet Scorecard
A1: RFP Scorecard
A2: Vendor names are editable. Scores pull automatically from the RFP Matrix sheet.
A4: Vendor | B4: Vendor A | C4: Vendor B | D4: Vendor C
A6: Minimum requirements met (of 4) | B6: =COUNTIFS('RFP Matrix'!E2:E13,"Minimum",'RFP Matrix'!G2:G13,">=1") -> 0 | C6: =COUNTIFS('RFP Matrix'!E2:E13,"Minimum",'RFP Matrix'!J2:J13,">=1") -> 0 | D6: =COUNTIFS('RFP Matrix'!E2:E13,"Minimum",'RFP Matrix'!M2:M13,">=1") -> 0
A7: Minimum gate | B7: =IF(B6=4,"PASS","REVIEW - "&(4-B6)&" min. item(s) not met") -> REVIEW - 4 min. item(s) not met | C7: =IF(C6=4,"PASS","REVIEW - "&(4-C6)&" min. item(s) not met") -> REVIEW - 4 min. item(s) not met | D7: =IF(D6=4,"PASS","REVIEW - "&(4-D6)&" min. item(s) not met") -> REVIEW - 4 min. item(s) not met
A9: Advanced score by category (of 6 each)
A10: Discovery & Inventory | B10: =SUMIFS('RFP Matrix'!G2:G13,'RFP Matrix'!B2:B13,"Discovery & Inventory",'RFP Matrix'!E2:E13,"Advanced") -> 0 | C10: =SUMIFS('RFP Matrix'!J2:J13,'RFP Matrix'!B2:B13,"Discovery & Inventory",'RFP Matrix'!E2:E13,"Advanced") -> 0 | D10: =SUMIFS('RFP Matrix'!M2:M13,'RFP Matrix'!B2:B13,"Discovery & Inventory",'RFP Matrix'!E2:E13,"Advanced") -> 0
A11: Attribution & Ownership | B11: =SUMIFS('RFP Matrix'!G2:G13,'RFP Matrix'!B2:B13,"Attribution & Ownership",'RFP Matrix'!E2:E13,"Advanced") -> 0 | C11: =SUMIFS('RFP Matrix'!J2:J13,'RFP Matrix'!B2:B13,"Attribution & Ownership",'RFP Matrix'!E2:E13,"Advanced") -> 0 | D11: =SUMIFS('RFP Matrix'!M2:M13,'RFP Matrix'!B2:B13,"Attribution & Ownership",'RFP Matrix'!E2:E13,"Advanced") -> 0
A12: Agentic AI Governance | B12: =SUMIFS('RFP Matrix'!G2:G13,'RFP Matrix'!B2:B13,"Agentic AI Governance",'RFP Matrix'!E2:E13,"Advanced") -> 0 | C12: =SUMIFS('RFP Matrix'!J2:J13,'RFP Matrix'!B2:B13,"Agentic AI Governance",'RFP Matrix'!E2:E13,"Advanced") -> 0 | D12: =SUMIFS('RFP Matrix'!M2:M13,'RFP Matrix'!B2:B13,"Agentic AI Governance",'RFP Matrix'!E2:E13,"Advanced") -> 0
A13: Runtime Posture (NHIDR) | B13: =SUMIFS('RFP Matrix'!G2:G13,'RFP Matrix'!B2:B13,"Runtime Posture (NHIDR)",'RFP Matrix'!E2:E13,"Advanced") -> 0 | C13: =SUMIFS('RFP Matrix'!J2:J13,'RFP Matrix'!B2:B13,"Runtime Posture (NHIDR)",'RFP Matrix'!E2:E13,"Advanced") -> 0 | D13: =SUMIFS('RFP Matrix'!M2:M13,'RFP Matrix'!B2:B13,"Runtime Posture (NHIDR)",'RFP Matrix'!E2:E13,"Advanced") -> 0
A14: Total advanced score (of 24) | B14: =SUM(B10:B13) -> 0 | C14: =SUM(C10:C13) -> 0 | D14: =SUM(D10:D13) -> 0
A16: Overall score (0-100) | B16: =ROUND((B6/4*40)+(B14/24*60),0) -> 0 | C16: =ROUND((C6/4*40)+(C14/24*60),0) -> 0 | D16: =ROUND((D6/4*40)+(D14/24*60),0) -> 0
A18: 40% weight on Minimum-requirement completeness, 60% on the Advanced score. See the Instructions sheet for the full scoring legend.

Sheet Screening Questions
A1: Five Screening Questions
A2: Ask these live in vendor demos. Each maps to one Advanced requirement on the RFP Matrix sheet.
A4: Maps to | B4: Ask this | C4: What a real answer includes | D4: Red flags
A5: Q1 -> 4.2 | B5: Once a token is checked out of [your secrets manager] and sitting in an application's active memory, how does your platform monitor what it does next, and how would it detect anomalous use? | C5: - Explicit NHIDR-style architecture: detection and response, not just posture - Ingests secondary telemetry: VPC flow logs, CloudTrail, API gateway events - A behavioral baseline per credential - Concrete anomaly examples: bulk queries, new region, off-hours activity | D5: - Answer is entirely about vault checkout logging or rotation schedules - '90-day rotation' offered as the answer to a runtime-behavior question - No telemetry source outside the secrets manager itself
A6: Q2 -> 2.2 | B6: When you discover a shadow service account whose creator has already left the company, how does your platform determine who owns it now? | C6: - Cross-system relational engine: Git blame, IaC configs, pipeline metadata, CMDB - Ranked suggestion of the team that actively maintains the calling code - Works even when the account name doesn't match any naming convention | D6: - 'Your team assigns ownership manually in our dashboard' is the entire answer - Owner matching relies on exact string-matching of account names - No mention of source code, IaC, or pipeline metadata as inputs
A7: Q3 -> 1.2 | B7: Can you map an OAuth token connecting [Salesforce] to [Slack] or a GitHub repository - end to end - without sitting inline on the network? | C7: - Direct API-level access to marketplace consent records and OAuth scopes per SaaS tenant - A connection graph spanning multiple SaaS platforms, not just cloud infrastructure - No requirement to route traffic through an appliance or browser extension | D7: - Visibility stops at the AWS/Azure/GCP boundary or container runtime - SaaS-to-SaaS mapping requires a proxy, CASB agent, or browser extension - 'We can see it if it shows up in your SSO logs' - most app-to-app grants never do
A8: Q4 -> 2.3 | B8: Before I revoke this credential, what evidence does your platform give me that it's actually unused - and over what time window? | C8: - A defined rolling observation window (30/60/90 days) with zero-usage confirmation - A simulated or staged revocation step before the real one executes - An audit trail of the evidence, suitable for a change-management ticket | D8: - An immediate delete/revoke button with no historical verification - 'Revoke it and see what breaks' offered as the methodology - No rolling window - just a single point-in-time usage check
A9: Q5 -> 3.2 / 3.3 | B9: Walk me through what happens in your platform when an AI orchestrator spins up a new MCP connection and mints a session token to call three different internal systems. | C9: - Recognizes orchestrator footprints (LangChain, Copilot Studio, custom agents) as a distinct identity class - Traces the parent-to-sub-token inheritance chain as it's created - Least-agency constraints (time-bound, scoped, revocable) on the agent's downstream access - Explicit reference to OWASP Agentic AI risk categories, especially ASI03 | D9: - 'An AI token is just a string - our database treats it like any other API key' - No distinction between a long-lived service account and an ephemeral, multi-hop agent session - No way to constrain or time-box what an agent's minted tokens can do downstream
